{"cameraMode":{"drawMode":0,"name":"Shaded","section":"Shading Mode"},"sceneLighting":true,"audioPlay":false,"sceneViewState":{"showFog":true,"showMaterialUpdate":false,"showSkybox":true,"showFlares":true,"showImageEffects":true,"showParticleSystems":true},"in2DMode":false,"pivot":{"x":43.26377487182617,"y":-14.881132125854493,"z":60.270957946777347},"rotation":{"x":-0.17486563324928285,"y":-0.34029620885849,"z":0.06456498056650162,"w":-0.9216610193252564},"size":58.11793899536133,"orthographic":false}