{"cameraMode":{"drawMode":0,"name":"Shaded","section":"Shading Mode"},"sceneLighting":true,"audioPlay":false,"sceneViewState":{"showFog":true,"showMaterialUpdate":false,"showSkybox":true,"showFlares":true,"showImageEffects":true,"showParticleSystems":true},"in2DMode":false,"pivot":{"x":25.324085235595704,"y":0.6925802826881409,"z":25.41118812561035},"rotation":{"x":-0.20099109411239625,"y":-0.3391410708427429,"z":0.07441763579845429,"w":-0.9160022735595703},"size":1.8607540130615235,"orthographic":false}