{"cameraMode":{"drawMode":0,"name":"Shaded","section":"Shading Mode"},"sceneLighting":false,"audioPlay":false,"sceneViewState":{"showFog":true,"showMaterialUpdate":false,"showSkybox":false,"showFlares":true,"showImageEffects":true,"showParticleSystems":true},"in2DMode":false,"pivot":{"x":29.053958892822267,"y":0.08634114265441895,"z":20.189868927001954},"rotation":{"x":-0.01394064910709858,"y":-0.9849933385848999,"z":0.0963425412774086,"w":-0.14252978563308717},"size":9.949503898620606,"orthographic":false}