{"cameraMode":{"drawMode":0,"name":"Shaded","section":"Shading Mode"},"sceneLighting":false,"audioPlay":false,"sceneViewState":{"showFog":true,"showMaterialUpdate":false,"showSkybox":false,"showFlares":true,"showImageEffects":true,"showParticleSystems":true},"in2DMode":false,"pivot":{"x":15.499067306518555,"y":3.653724193572998,"z":13.818883895874024},"rotation":{"x":0.06736622750759125,"y":0.16829736530780793,"z":-0.011527747847139836,"w":0.9833713173866272},"size":1.733055830001831,"orthographic":false}