{"cameraMode":{"drawMode":0,"name":"Shaded","section":"Shading Mode"},"sceneLighting":true,"audioPlay":false,"sceneViewState":{"showFog":true,"showMaterialUpdate":false,"showSkybox":true,"showFlares":true,"showImageEffects":true,"showParticleSystems":true},"in2DMode":false,"pivot":{"x":7.084654808044434,"y":1.7393977642059327,"z":13.691807746887207},"rotation":{"x":0.13493433594703675,"y":-0.6720439195632935,"z":0.1264612078666687,"w":0.7170639038085938},"size":8.33245849609375,"orthographic":false}